interaction_id,drug_a,drug_b,severity,mechanism,effect,recommendation,source,evidence_doc
DDI001,warfarin,class:NSAID,high,"Additive antihaemostatic effect: NSAIDs inhibit platelet function and injure the gastric mucosa","Increased risk of serious (especially gastrointestinal) bleeding","Pharmacist/clinician review: consider whether the NSAID is necessary; if continued monitor INR and signs of bleeding and consider gastroprotection","FDA label: warfarin (Drug Interactions); AGS Beers Criteria 2023",01_anticoagulants_bleeding.md
DDI002,warfarin,aspirin,high,"Additive antihaemostatic effect (antiplatelet plus anticoagulant)","Increased risk of major bleeding","Pharmacist/clinician review: confirm a clear indication for combined therapy and monitor for bleeding","FDA label: warfarin (Drug Interactions); AGS Beers Criteria 2023",01_anticoagulants_bleeding.md
DDI003,warfarin,clopidogrel,high,"Additive antihaemostatic effect (antiplatelet plus anticoagulant)","Increased risk of major bleeding","Pharmacist/clinician review: confirm indication and planned duration of combined therapy","FDA labels: warfarin and clopidogrel (Drug Interactions)",01_anticoagulants_bleeding.md
DDI004,class:DOAC,class:NSAID,high,"Additive antihaemostatic effect","Increased risk of bleeding","Pharmacist/clinician review: consider whether the NSAID is necessary; monitor for bleeding","FDA labels: apixaban / rivaroxaban / dabigatran (Drug Interactions)",01_anticoagulants_bleeding.md
DDI005,class:DOAC,aspirin,high,"Additive antihaemostatic effect","Increased risk of bleeding","Pharmacist/clinician review: confirm a clear indication for combined therapy","FDA labels: apixaban / rivaroxaban / dabigatran (Drug Interactions)",01_anticoagulants_bleeding.md
DDI006,class:DOAC,clopidogrel,high,"Additive antihaemostatic effect","Increased risk of bleeding","Pharmacist/clinician review: confirm indication and planned duration of combined therapy","FDA labels: apixaban / rivaroxaban / dabigatran (Drug Interactions)",01_anticoagulants_bleeding.md
DDI007,warfarin,amiodarone,high,"Amiodarone inhibits CYP2C9 and CYP3A4 and reduces warfarin clearance","Raised INR and bleeding risk; effect can persist for weeks","Pharmacist/clinician review: INR monitoring and warfarin dose review are usually needed","FDA labels: warfarin and amiodarone (Drug Interactions)",01_anticoagulants_bleeding.md
DDI008,warfarin,fluconazole,high,"Fluconazole inhibits CYP2C9 (main pathway of S-warfarin)","Raised INR and bleeding risk","Pharmacist/clinician review: monitor INR closely during and after the azole course","FDA label: warfarin (Drug Interactions); FDA label: fluconazole",01_anticoagulants_bleeding.md
DDI009,warfarin,trimethoprim_sulfamethoxazole,high,"Sulfamethoxazole inhibits CYP2C9 and may displace warfarin from protein binding","Raised INR and bleeding risk","Pharmacist/clinician review: consider an alternative antibiotic or monitor INR closely","FDA label: warfarin (Drug Interactions); FDA label: trimethoprim-sulfamethoxazole",01_anticoagulants_bleeding.md
DDI010,warfarin,metronidazole,high,"Metronidazole inhibits warfarin metabolism (CYP2C9)","Raised INR and bleeding risk","Pharmacist/clinician review: monitor INR closely during and after the course","FDA label: metronidazole (Drug Interactions)",01_anticoagulants_bleeding.md
DDI011,warfarin,ciprofloxacin,moderate,"Reduced warfarin clearance and changes in gut flora","Raised INR in some patients","Monitor INR when the antibiotic is started or stopped","FDA label: ciprofloxacin (Drug Interactions)",01_anticoagulants_bleeding.md
DDI012,warfarin,clarithromycin,moderate,"CYP3A4 inhibition reduces R-warfarin clearance","Raised INR in some patients","Monitor INR when the antibiotic is started or stopped","FDA label: clarithromycin (Drug Interactions)",01_anticoagulants_bleeding.md
DDI013,warfarin,class:SSRI,moderate,"SSRIs deplete platelet serotonin and impair platelet aggregation","Increased risk of bleeding","Monitor for bleeding; consider gastroprotection in high-risk patients","FDA labels: SSRIs (Warnings: abnormal bleeding)",07_serotonergic_drugs.md
DDI014,warfarin,levothyroxine,moderate,"Thyroid hormone increases catabolism of vitamin K-dependent clotting factors","Increased anticoagulant effect when thyroid dose is started or increased","Monitor INR when the levothyroxine dose changes","FDA label: levothyroxine (Drug Interactions)",01_anticoagulants_bleeding.md
DDI015,class:SSRI,class:NSAID,moderate,"SSRIs impair platelet function; NSAIDs injure the gastric mucosa","Increased risk of upper gastrointestinal bleeding","Consider gastroprotection or an alternative analgesic","FDA labels: SSRIs (Warnings: abnormal bleeding); STOPP/START v3",07_serotonergic_drugs.md
DDI016,class:SSRI,aspirin,moderate,"Additive impairment of platelet function","Increased risk of bleeding","Monitor for bleeding; consider gastroprotection in high-risk patients","FDA labels: SSRIs (Warnings: abnormal bleeding)",07_serotonergic_drugs.md
DDI017,class:SSRI,tramadol,high,"Additive serotonergic effect; tramadol also lowers the seizure threshold","Risk of serotonin syndrome and seizures","Pharmacist/clinician review: consider a non-serotonergic analgesic or monitor closely","FDA label: tramadol (Warnings: serotonin syndrome; seizure risk)",07_serotonergic_drugs.md
DDI018,clopidogrel,omeprazole,moderate,"Omeprazole inhibits CYP2C19 and reduces formation of clopidogrel's active metabolite","Reduced antiplatelet effect of clopidogrel","Consider a PPI with less CYP2C19 inhibition (e.g. pantoprazole) after review","FDA label: clopidogrel (Drug Interactions: avoid omeprazole or esomeprazole)",02_antiplatelets.md
DDI019,clopidogrel,esomeprazole,moderate,"Esomeprazole inhibits CYP2C19 and reduces formation of clopidogrel's active metabolite","Reduced antiplatelet effect of clopidogrel","Consider a PPI with less CYP2C19 inhibition (e.g. pantoprazole) after review","FDA label: clopidogrel (Drug Interactions: avoid omeprazole or esomeprazole)",02_antiplatelets.md
DDI020,clopidogrel,class:NSAID,moderate,"Additive antihaemostatic effect and GI mucosal injury","Increased risk of gastrointestinal bleeding","Consider whether the NSAID is necessary; consider gastroprotection","FDA label: clopidogrel (Drug Interactions)",02_antiplatelets.md
DDI021,aspirin,class:NSAID,moderate,"Additive GI injury; ibuprofen can block aspirin's access to platelet COX-1","Increased GI bleeding risk; possible loss of aspirin's cardioprotective effect","Consider whether the NSAID is necessary; if ibuprofen is needed review timing relative to aspirin","FDA Science Paper / labeling on ibuprofen and low-dose aspirin; FDA label: aspirin",02_antiplatelets.md
DDI022,aspirin,clopidogrel,moderate,"Dual antiplatelet therapy (often intentional, e.g. after a coronary stent)","Increased bleeding risk","Confirm the indication and planned duration of dual antiplatelet therapy","FDA label: clopidogrel (Warnings: bleeding)",02_antiplatelets.md
DDI023,simvastatin,clarithromycin,critical,"Clarithromycin is a strong CYP3A4 inhibitor and markedly raises simvastatin exposure","Risk of myopathy and rhabdomyolysis","Contraindicated combination: escalate for prescriber review before the next dose","FDA label: simvastatin (Contraindications: strong CYP3A4 inhibitors); FDA Drug Safety Communication 2011",04_statins_cyp3a4.md
DDI024,atorvastatin,clarithromycin,moderate,"CYP3A4 inhibition raises atorvastatin exposure","Increased risk of myopathy","Review atorvastatin dose (label advises a limit while on clarithromycin)","FDA label: atorvastatin (Drug Interactions)",04_statins_cyp3a4.md
DDI025,simvastatin,amlodipine,moderate,"Amlodipine weakly inhibits CYP3A4 and raises simvastatin exposure","Increased risk of myopathy at higher simvastatin doses","Review simvastatin dose (label limits it to 20 mg/day with amlodipine)","FDA label: simvastatin (Dosage limits); FDA Drug Safety Communication 2011",04_statins_cyp3a4.md
DDI026,simvastatin,diltiazem,moderate,"Diltiazem inhibits CYP3A4 and raises simvastatin exposure","Increased risk of myopathy","Review simvastatin dose (label limits it to 10 mg/day with diltiazem)","FDA label: simvastatin (Dosage limits); FDA Drug Safety Communication 2011",04_statins_cyp3a4.md
DDI027,simvastatin,verapamil,moderate,"Verapamil inhibits CYP3A4 and raises simvastatin exposure","Increased risk of myopathy","Review simvastatin dose (label limits it to 10 mg/day with verapamil)","FDA label: simvastatin (Dosage limits); FDA Drug Safety Communication 2011",04_statins_cyp3a4.md
DDI028,simvastatin,amiodarone,moderate,"Amiodarone inhibits CYP3A4 and raises simvastatin exposure","Increased risk of myopathy","Review simvastatin dose (label limits it to 20 mg/day with amiodarone)","FDA label: simvastatin (Dosage limits); FDA Drug Safety Communication 2011",04_statins_cyp3a4.md
DDI029,class:STATIN,colchicine,moderate,"Possible additive muscle toxicity","Myopathy and rhabdomyolysis reported","Monitor for muscle pain or weakness","FDA labels: colchicine and statins (Drug Interactions)",04_statins_cyp3a4.md
DDI030,class:ACEI,spironolactone,high,"Both drugs reduce potassium excretion","Risk of hyperkalaemia, especially with reduced kidney function","Pharmacist/clinician review: monitor potassium and kidney function","FDA label: spironolactone (Warnings: hyperkalaemia); STOPP/START v3",05_raas_potassium.md
DDI031,class:ARB,spironolactone,high,"Both drugs reduce potassium excretion","Risk of hyperkalaemia, especially with reduced kidney function","Pharmacist/clinician review: monitor potassium and kidney function","FDA label: spironolactone (Warnings: hyperkalaemia); STOPP/START v3",05_raas_potassium.md
DDI032,class:ACEI,potassium_chloride,high,"ACE inhibitors reduce potassium excretion","Risk of hyperkalaemia","Pharmacist/clinician review: confirm the supplement is still needed and monitor potassium","FDA labels: ACE inhibitors (Drug Interactions: potassium supplements)",05_raas_potassium.md
DDI033,class:ARB,potassium_chloride,high,"ARBs reduce potassium excretion","Risk of hyperkalaemia","Pharmacist/clinician review: confirm the supplement is still needed and monitor potassium","FDA labels: ARBs (Drug Interactions: potassium supplements)",05_raas_potassium.md
DDI034,spironolactone,potassium_chloride,high,"Potassium-sparing diuretic plus potassium supplement","Risk of serious hyperkalaemia","Pharmacist/clinician review: potassium supplements are generally not used with spironolactone","FDA label: spironolactone (Warnings: hyperkalaemia)",05_raas_potassium.md
DDI035,class:ACEI,class:ARB,high,"Dual blockade of the renin-angiotensin system","Hyperkalaemia, hypotension and acute kidney injury without added benefit for most patients","Pharmacist/clinician review: dual RAS blockade is generally not recommended","FDA labels: ARBs/ACE inhibitors (Warnings: dual blockade of the RAS); ONTARGET trial 2008",05_raas_potassium.md
DDI036,class:ACEI,trimethoprim_sulfamethoxazole,moderate,"Trimethoprim reduces renal potassium excretion (amiloride-like effect)","Risk of hyperkalaemia","Monitor potassium during the antibiotic course","FDA label: trimethoprim-sulfamethoxazole (Warnings: hyperkalaemia)",05_raas_potassium.md
DDI037,spironolactone,trimethoprim_sulfamethoxazole,high,"Additive reduction in potassium excretion","Risk of serious hyperkalaemia","Pharmacist/clinician review: consider an alternative antibiotic or monitor potassium closely","FDA label: trimethoprim-sulfamethoxazole (Warnings: hyperkalaemia)",05_raas_potassium.md
DDI038,class:ACEI,class:NSAID,moderate,"NSAIDs reduce renal prostaglandins and blunt the antihypertensive effect","Reduced blood-pressure control and risk of kidney injury","Monitor blood pressure and kidney function; avoid long-term NSAID use where possible","FDA labels: ACE inhibitors (Drug Interactions: NSAIDs)",03_nsaids.md
DDI039,class:ARB,class:NSAID,moderate,"NSAIDs reduce renal prostaglandins and blunt the antihypertensive effect","Reduced blood-pressure control and risk of kidney injury","Monitor blood pressure and kidney function; avoid long-term NSAID use where possible","FDA labels: ARBs (Drug Interactions: NSAIDs)",03_nsaids.md
DDI040,spironolactone,class:NSAID,moderate,"NSAIDs reduce renal function and potassium excretion","Risk of hyperkalaemia and kidney injury","Monitor potassium and kidney function","FDA label: spironolactone (Drug Interactions)",03_nsaids.md
DDI041,lithium,class:NSAID,high,"NSAIDs reduce renal lithium clearance","Raised lithium levels and toxicity","Pharmacist/clinician review: monitor lithium levels closely or avoid the NSAID","FDA label: lithium (Drug Interactions)",10_narrow_therapeutic_index.md
DDI042,lithium,class:ACEI,high,"ACE inhibitors reduce renal lithium clearance","Raised lithium levels and toxicity","Pharmacist/clinician review: monitor lithium levels closely","FDA label: lithium (Drug Interactions)",10_narrow_therapeutic_index.md
DDI043,lithium,class:ARB,high,"ARBs reduce renal lithium clearance","Raised lithium levels and toxicity","Pharmacist/clinician review: monitor lithium levels closely","FDA label: lithium (Drug Interactions)",10_narrow_therapeutic_index.md
DDI044,lithium,class:THIAZIDE,high,"Thiazides increase renal lithium reabsorption","Raised lithium levels and toxicity","Pharmacist/clinician review: monitor lithium levels closely","FDA label: lithium (Drug Interactions)",10_narrow_therapeutic_index.md
DDI045,digoxin,amiodarone,high,"Amiodarone inhibits P-glycoprotein and raises digoxin levels","Digoxin toxicity (nausea, arrhythmia, bradycardia)","Pharmacist/clinician review: digoxin dose reduction and level monitoring are usually needed","FDA labels: amiodarone and digoxin (Drug Interactions)",06_cardiac_rhythm.md
DDI046,digoxin,verapamil,high,"Verapamil raises digoxin levels and both slow AV conduction","Digoxin toxicity and bradycardia or heart block","Pharmacist/clinician review: monitor heart rate and digoxin level","FDA labels: verapamil and digoxin (Drug Interactions)",06_cardiac_rhythm.md
DDI047,digoxin,clarithromycin,high,"Clarithromycin inhibits P-glycoprotein and raises digoxin levels","Digoxin toxicity","Pharmacist/clinician review: consider an alternative antibiotic or monitor digoxin level","FDA label: digoxin (Drug Interactions)",06_cardiac_rhythm.md
DDI048,digoxin,furosemide,moderate,"Loop diuretics can cause hypokalaemia and hypomagnesaemia","Increased sensitivity to digoxin toxicity","Monitor potassium magnesium and digoxin level","FDA label: digoxin (Drug Interactions: potassium-depleting diuretics)",06_cardiac_rhythm.md
DDI049,verapamil,class:BETA_BLOCKER,high,"Additive negative chronotropic and inotropic effects","Bradycardia, AV block, hypotension and heart failure","Pharmacist/clinician review: the combination needs close monitoring","FDA label: verapamil (Drug Interactions: beta-blockers)",06_cardiac_rhythm.md
DDI050,diltiazem,class:BETA_BLOCKER,moderate,"Additive negative chronotropic effects","Bradycardia and AV block","Monitor heart rate and blood pressure","FDA label: diltiazem (Drug Interactions: beta-blockers)",06_cardiac_rhythm.md
DDI051,amiodarone,class:BETA_BLOCKER,moderate,"Additive slowing of heart rate and AV conduction","Bradycardia and AV block","Monitor heart rate","FDA label: amiodarone (Drug Interactions)",06_cardiac_rhythm.md
DDI052,citalopram,amiodarone,high,"Additive QT-interval prolongation","Risk of torsades de pointes","Pharmacist/clinician review: consider an alternative or ECG monitoring","FDA label: citalopram (Warnings: QT prolongation); FDA Drug Safety Communication 2011/2012",06_cardiac_rhythm.md
DDI053,citalopram,haloperidol,moderate,"Additive QT-interval prolongation","Risk of torsades de pointes","Consider ECG monitoring","FDA label: citalopram (Warnings: QT prolongation)",06_cardiac_rhythm.md
DDI054,clarithromycin,amiodarone,high,"Additive QT prolongation and CYP3A4 inhibition","Risk of torsades de pointes","Pharmacist/clinician review: consider an alternative antibiotic","FDA label: clarithromycin (Warnings: QT prolongation)",06_cardiac_rhythm.md
DDI055,methotrexate,trimethoprim_sulfamethoxazole,critical,"Both are antifolates and trimethoprim reduces methotrexate clearance","Serious bone-marrow suppression (pancytopenia)","Avoid combination: escalate for prescriber review","FDA label: methotrexate (Drug Interactions); STOPP/START v3",10_narrow_therapeutic_index.md
DDI056,methotrexate,class:NSAID,high,"NSAIDs reduce renal methotrexate clearance","Methotrexate toxicity (marrow, GI, kidney); risk is greatest with high doses","Pharmacist/clinician review: monitor blood counts and kidney function","FDA label: methotrexate (Drug Interactions: NSAIDs)",10_narrow_therapeutic_index.md
DDI057,sildenafil,class:NITRATE,critical,"Both increase nitric-oxide/cGMP signalling and cause vasodilation","Severe, potentially fatal hypotension","Contraindicated combination: escalate for prescriber review","FDA label: sildenafil (Contraindications: nitrates)",11_nitrates_pde5.md
DDI058,colchicine,clarithromycin,high,"Clarithromycin inhibits CYP3A4 and P-glycoprotein and raises colchicine levels","Colchicine toxicity (fatal cases reported); contraindicated with renal or hepatic impairment","Pharmacist/clinician review: avoid or reduce the colchicine dose","FDA label: colchicine (Drug Interactions; Contraindications)",04_statins_cyp3a4.md
DDI059,colchicine,verapamil,moderate,"Verapamil inhibits CYP3A4 and P-glycoprotein","Raised colchicine levels","Review colchicine dose","FDA label: colchicine (Drug Interactions)",04_statins_cyp3a4.md
DDI060,colchicine,diltiazem,moderate,"Diltiazem inhibits CYP3A4","Raised colchicine levels","Review colchicine dose","FDA label: colchicine (Drug Interactions)",04_statins_cyp3a4.md
DDI061,class:OPIOID,class:BENZODIAZEPINE,critical,"Additive CNS and respiratory depression","Profound sedation, respiratory depression, coma and death (FDA boxed warning)","Escalate for prescriber review: reserve the combination for patients without alternatives and use the lowest doses","FDA Drug Safety Communication 2016 (boxed warning); AGS Beers Criteria 2023",08_cns_depressants.md
DDI062,class:OPIOID,class:GABAPENTINOID,high,"Additive CNS and respiratory depression","Respiratory depression and sedation","Pharmacist/clinician review: avoid where possible or use the lowest doses with monitoring","FDA Drug Safety Communication 2019 (gabapentinoids); AGS Beers Criteria 2023",08_cns_depressants.md
DDI063,class:OPIOID,zolpidem,high,"Additive CNS depression","Sedation, respiratory depression and falls","Pharmacist/clinician review: consider stopping the hypnotic after review","FDA labels: opioids (Boxed warning: CNS depressants); AGS Beers Criteria 2023",08_cns_depressants.md
DDI064,class:BENZODIAZEPINE,zolpidem,high,"Two sedative-hypnotics with the same receptor target","Excess sedation, falls and fractures","Pharmacist/clinician review: duplicate hypnotic therapy is rarely appropriate","AGS Beers Criteria 2023; STOPP/START v3",08_cns_depressants.md
DDI065,tramadol,amitriptyline,moderate,"Additive serotonergic effect and lower seizure threshold","Risk of serotonin syndrome and seizures","Monitor for agitation tremor and confusion","FDA label: tramadol (Warnings: serotonin syndrome; seizure risk)",07_serotonergic_drugs.md
DDI066,fluoxetine,metoprolol,moderate,"Fluoxetine strongly inhibits CYP2D6 and raises metoprolol levels","Bradycardia and hypotension","Monitor heart rate and blood pressure","FDA label: metoprolol (Drug Interactions: CYP2D6 inhibitors)",07_serotonergic_drugs.md
DDI067,class:SULFONYLUREA,fluconazole,high,"Fluconazole inhibits CYP2C9 and raises sulfonylurea levels","Hypoglycaemia","Pharmacist/clinician review: monitor blood glucose closely","FDA label: fluconazole (Drug Interactions: oral hypoglycaemics)",09_diabetes_hypoglycaemia.md
DDI068,class:SULFONYLUREA,clarithromycin,moderate,"CYP3A4 inhibition and other mechanisms raise sulfonylurea effect","Hypoglycaemia","Monitor blood glucose","FDA label: clarithromycin (Drug Interactions: oral hypoglycaemics)",09_diabetes_hypoglycaemia.md
DDI069,class:SULFONYLUREA,trimethoprim_sulfamethoxazole,moderate,"Sulfamethoxazole inhibits CYP2C9 and has additive glucose-lowering effect","Hypoglycaemia","Monitor blood glucose","FDA label: trimethoprim-sulfamethoxazole (Warnings: hypoglycaemia)",09_diabetes_hypoglycaemia.md
DDI070,class:SULFONYLUREA,ciprofloxacin,moderate,"Fluoroquinolones disturb glucose regulation","Hypoglycaemia (including severe cases)","Monitor blood glucose","FDA Drug Safety Communication 2018 (fluoroquinolones and blood sugar)",09_diabetes_hypoglycaemia.md
DDI071,insulin_glargine,ciprofloxacin,moderate,"Fluoroquinolones disturb glucose regulation","Hypo- or hyperglycaemia","Monitor blood glucose","FDA Drug Safety Communication 2018 (fluoroquinolones and blood sugar)",09_diabetes_hypoglycaemia.md
DDI072,insulin_glargine,class:BETA_BLOCKER,low,"Beta-blockers can mask adrenergic symptoms of hypoglycaemia","Hypoglycaemia may be recognised later","Counsel on non-adrenergic hypoglycaemia symptoms","FDA label: insulin glargine (Drug Interactions)",09_diabetes_hypoglycaemia.md
DDI073,empagliflozin,furosemide,moderate,"Additive diuresis","Volume depletion, hypotension and kidney injury","Monitor volume status and kidney function","FDA label: empagliflozin (Warnings: volume depletion)",09_diabetes_hypoglycaemia.md
DDI074,levothyroxine,class:PPI,low,"Reduced gastric acidity can lower levothyroxine absorption","Possible reduced thyroid control","Monitor TSH if long-term PPI therapy is started","FDA label: levothyroxine (Drug Interactions: drugs that affect gastric pH)",12_older_adults_beers.md
DDI075,class:CORTICOSTEROID,class:NSAID,moderate,"Additive gastric mucosal injury","Increased risk of peptic ulcer and GI bleeding","Consider gastroprotection","AGS Beers Criteria 2023; FDA labels: prednisone / prednisolone",03_nsaids.md
